Name,Sx,Sy,Sz,Ex,Ey,Ez,Trend,Plunge,Length,fam,REGION
Varennedips - Copy.bin (C:/Users/AV16310/Downloads/varenne).measurements.J1.2.3 on -19->140,629553.322,5056902.197,26.12599945,629554.681,5056900.546,26.87199974,140.5407562,-19.23188019,2.264779329,fam1,VARENNE
Varennedips - Copy.bin (C:/Users/AV16310/Downloads/varenne).measurements.J1.4.1 on 10->133,629549.231,5056905.911,31.36700058,629552.149,5056903.119,30.60099983,133.7361145,10.73986244,4.110537529,fam1,VARENNE
Varennedips - Copy.bin (C:/Users/AV16310/Downloads/varenne).measurements.J1.2.5 on 02->147,629550.09,5056905.216,24.50499916,629551.451,5056903.12,24.38800049,147.0038757,2.680295467,2.501830578,fam1,VARENNE
Varennedips - Copy.bin (C:/Users/AV16310/Downloads/varenne).measurements.J1.3.3 on 03->137,629549.411,5056905.596,23.63500023,629551.611,5056903.159,23.45000076,137.9258575,3.225008011,3.288358927,fam1,VARENNE
Varennedips - Copy.bin (C:/Users/AV16310/Downloads/varenne).measurements.J1.7.2 on 00->306,629534.46,5056917.326,28.37800026,629528.704,5056921.624,28.28499985,306.7486877,0.741777003,7.184272766,fam1,VARENNE
Varennedips - Copy.bin (C:/Users/AV16310/Downloads/varenne).measurements.J1.2.6 on 00->154,629535.503,5056917.413,31.61300087,629536.632,5056915.035,31.59600067,154.6030273,0.370094359,2.632512808,fam1,VARENNE
Varennedips - Copy.bin (C:/Users/AV16310/Downloads/varenne).measurements.J1.2.5 on 10->125,629536.711,5056914.168,33.84899902,629538.756,5056912.726,33.4070015,125.1895142,10.01731968,2.541009426,fam1,VARENNE
Varennedips - Copy.bin (C:/Users/AV16310/Downloads/varenne).measurements.J1.2.4 on 06->137,629520.534,5056928.572,24.81699944,629522.19,5056926.792,24.54599953,137.0671844,6.360295296,2.446283102,fam1,VARENNE
Varennedips - Copy.bin (C:/Users/AV16310/Downloads/varenne).measurements.J1.2.1 on 00->133,629518.725,5056930.62,22.55999947,629520.225,5056929.201,22.5510006,133.410614,0.25022921,2.064863205,fam1,VARENNE
Varennedips - Copy.bin (C:/Users/AV16310/Downloads/varenne).measurements.J1.6.7 on -1->127,629527.237,5056923.432,32.04399872,629532.54,5056919.385,32.23099899,127.3492584,-1.605837703,6.673435211,fam1,VARENNE
Varennedips - Copy.bin (C:/Users/AV16310/Downloads/varenne).measurements.J1.3.1 on 02->299,629517.198,5056931.817,32.78900146,629514.495,5056933.323,32.68000031,299.1244202,2.017515182,3.096140623,fam1,VARENNE
Varennedips - Copy.bin (C:/Users/AV16310/Downloads/varenne).measurements.J1.3.6 on 00->299,629516.225,5056932.606,33.69800186,629513.137,5056934.361,33.65200043,299.6112671,0.742304444,3.552126646,fam1,VARENNE
Varennedips - Copy.bin (C:/Users/AV16310/Downloads/varenne).measurements.J1.2.2 on -2->300,629514.602,5056933.328,33.99200058,629512.722,5056934.422,34.06900024,300.1955566,-2.027385712,2.176504135,fam1,VARENNE
Varennedips - Copy.bin (C:/Users/AV16310/Downloads/varenne).measurements.J1.2.1 on -4->315,629515.413,5056934.293,24.75099945,629513.928,5056935.794,24.92700005,315.3056641,-4.764852047,2.118789673,fam1,VARENNE
Varennedips - Copy.bin (C:/Users/AV16310/Downloads/varenne).measurements.J1.2.7 on -18->157,629507.628,5056942.766,23.61199951,629508.574,5056940.428,24.45700073,157.9705963,-18.52249908,2.659938574,fam1,VARENNE
Varennedips - Copy.bin (C:/Users/AV16310/Downloads/varenne).measurements.J1.2.9 on -26->307,629511.535,5056937.821,30.52499962,629509.46,5056939.402,31.84799957,307.3045044,-26.89198112,2.924986362,fam1,VARENNE
Varennedips - Copy.bin (C:/Users/AV16310/Downloads/varenne).measurements.J1.3.2 on 07->141,629508.14,5056938.216,35.18099976,629510.124,5056935.697,34.76699829,141.77565,7.357007504,3.233084679,fam1,VARENNE
Varennedips - Copy.bin (C:/Users/AV16310/Downloads/varenne).measurements.J1.2.3 on 01->127,629507.178,5056941.604,29.87899971,629509.011,5056940.196,29.79999924,127.5300293,1.957647443,2.312696934,fam1,VARENNE
Varennedips - Copy.bin (C:/Users/AV16310/Downloads/varenne).measurements.J1.2.2 on 00->000,629507.068,5056942.002,28.90800095,629507.106,5056944.223,28.94400024,0.980052829,-0.928095043,2.221624851,fam1,VARENNE
Varennedips - Copy.bin (C:/Users/AV16310/Downloads/varenne).measurements.J1.2.1 on 00->122,629504.406,5056948.294,30.4109993,629506.177,5056947.164,30.39900017,122.5403976,0.327456445,2.100828886,fam1,VARENNE
Varennedips - Copy.bin (C:/Users/AV16310/Downloads/varenne).measurements.J1.2.5 on 04->168,629506.958,5056944.037,32.26300049,629507.444,5056941.633,32.06200027,168.5710907,4.685168743,2.460846663,fam1,VARENNE
Varennedips - Copy.bin (C:/Users/AV16310/Downloads/varenne).measurements.J1.2.7 on 12->316,629504.693,5056947.693,25.27199936,629502.869,5056949.607,24.69799995,316.3791809,12.24886227,2.705526114,fam1,VARENNE
Varennedips - Copy.bin (C:/Users/AV16310/Downloads/varenne).measurements.J1.4.0 on 02->318,629503.146,5056949.759,25.61499977,629500.501,5056952.776,25.41900063,318.7593994,2.796663761,4.01706934,fam1,VARENNE
Varennedips - Copy.bin (C:/Users/AV16310/Downloads/varenne).measurements.J1.3.0 on 02->119,629503.498,5056947.851,35.02199936,629506.1,5056946.399,34.87200165,119.1631851,2.881742716,2.983519554,fam1,VARENNE
Varennedips - Copy.bin (C:/Users/AV16310/Downloads/varenne).measurements.J1.3.5 on -6->142,629495.484,5056957.431,33.55500031,629497.552,5056954.692,33.97399902,142.9466858,-6.960522175,3.457506657,fam1,VARENNE
Varennedips - Copy.bin (C:/Users/AV16310/Downloads/varenne).measurements.J1.3.6 on 03->324,629497.569,5056953.681,35.57799911,629495.524,5056956.587,35.34799957,324.864624,3.703484774,3.560827971,fam1,VARENNE
Varennedips - Copy.bin (C:/Users/AV16310/Downloads/varenne).measurements.J1.2.8 on -12->341,629491.952,5056963.192,29.30200005,629491.103,5056965.801,29.93300056,341.9745789,-12.95190907,2.815295458,fam1,VARENNE
Varennedips - Copy.bin (C:/Users/AV16310/Downloads/varenne).measurements.J1.2.5 on -17->352,629492.223,5056962.669,30.19499969,629491.918,5056965.033,30.9470005,352.6486206,-17.50990295,2.499417305,fam1,VARENNE
Varennedips - Copy.bin (C:/Users/AV16310/Downloads/varenne).measurements.J1.2.1 on 06->344,629492.501,5056965.084,31.69799995,629491.946,5056967.12,31.47500038,344.7522888,6.032182217,2.122047424,fam1,VARENNE
Varennedips - Copy.bin (C:/Users/AV16310/Downloads/varenne).measurements.J1.2.4 on -18->332,629491.797,5056967.577,31.41399956,629490.721,5056969.624,32.18899918,332.2716675,-18.52731705,2.438969612,fam1,VARENNE
Varennedips - Copy.bin (C:/Users/AV16310/Downloads/varenne).measurements.J1.2.8 on 04->311,629490.189,5056972.339,29.52000046,629488.14,5056974.164,29.29400063,311.6912231,4.708482742,2.753192186,fam1,VARENNE
Varennedips - Copy.bin (C:/Users/AV16310/Downloads/varenne).measurements.J1.2.4 on 06->158,629490.394,5056971.484,29.40200043,629491.252,5056969.254,29.11300087,158.9553986,6.896626949,2.406761408,fam1,VARENNE
Varennedips - Copy.bin (C:/Users/AV16310/Downloads/varenne).measurements.J1.2.9 on -2->322,629485.853,5056977.19,31.2329998,629484.133,5056979.466,31.34799957,322.9212341,-2.308340788,2.855137348,fam1,VARENNE
Varennedips - Copy.bin (C:/Users/AV16310/Downloads/varenne).measurements.J1.3.3 on 00->312,629481.97,5056981.631,28.24600029,629479.546,5056983.817,28.27700043,312.0449524,-0.543926477,3.264282703,fam1,VARENNE
Varennedips - Copy.bin (C:/Users/AV16310/Downloads/varenne).measurements.J1.3.3 on 01->311,629482.777,5056980.135,33.57600021,629480.317,5056982.291,33.49499893,311.2318726,1.418583274,3.27209878,fam1,VARENNE
Varennedips - Copy.bin (C:/Users/AV16310/Downloads/varenne).measurements.J1.3.5 on 00->131,629483.57,5056979.283,33.45500183,629486.193,5056976.932,33.48799896,131.8702393,-0.536683381,3.522556782,fam1,VARENNE
Varennedips - Copy.bin (C:/Users/AV16310/Downloads/varenne).measurements.J1.2.8 on 10->319,629486.06,5056976.636,24.39699936,629484.297,5056978.699,23.91200066,319.4832764,10.13310146,2.756685495,fam1,VARENNE
Varennedips - Copy.bin (C:/Users/AV16310/Downloads/varenne).measurements.J1.3.1 on -3->304,629477.314,5056985.683,32.53300095,629474.721,5056987.443,32.69800186,304.1669922,-3.013828516,3.138222694,fam1,VARENNE
Varennedips - Copy.bin (C:/Users/AV16310/Downloads/varenne).measurements.J1.2.9 on 00->120,629472.276,5056989.395,33.27700043,629474.785,5056987.913,33.2859993,120.5691071,-0.176938713,2.914015055,fam1,VARENNE
Varennedips - Copy.bin (C:/Users/AV16310/Downloads/varenne).measurements.J1.2.4 on 01->319,629466.834,5057000.94,34.74200058,629465.262,5057002.763,34.69900131,319.2279053,1.023355484,2.407576084,fam1,VARENNE
Varennedips - Copy.bin (C:/Users/AV16310/Downloads/varenne).measurements.J1.2.0 on -4->307,629463.796,5057004.984,34.7480011,629462.251,5057006.167,34.88899994,307.44104,-4.144442081,1.950974822,fam1,VARENNE
Varennedips - Copy.bin (C:/Users/AV16310/Downloads/varenne).measurements.J2.2.3 on -63->172,629562.14,5056895.04,27.16300011,629562.275,5056894.022,29.23800087,172.4454193,-63.66917419,2.315208673,fam2,VARENNE
Varennedips - Copy.bin (C:/Users/AV16310/Downloads/varenne).measurements.J2.2.6 on -89->180,629562.16,5056895.221,23.85300064,629562.16,5056895.191,26.47900009,180.0,-89.34483337,2.626171112,fam2,VARENNE
Varennedips - Copy.bin (C:/Users/AV16310/Downloads/varenne).measurements.J2.2.0 on 82->016,629561.076,5056895.617,23.89699936,629561.152,5056895.871,21.94099998,16.657547,82.28186798,1.973881245,fam2,VARENNE
Varennedips - Copy.bin (C:/Users/AV16310/Downloads/varenne).measurements.J2.3.1 on -77->163,629560.831,5056895.352,27.10400009,629561.016,5056894.733,30.09499931,163.3609009,-77.81108856,3.059981108,fam2,VARENNE
Varennedips - Copy.bin (C:/Users/AV16310/Downloads/varenne).measurements.J2.2.1 on -49->166,629559.684,5056897.117,27.63299942,629560.003,5056895.81,29.2310009,166.2852783,-49.90579987,2.088927269,fam2,VARENNE
Varennedips - Copy.bin (C:/Users/AV16310/Downloads/varenne).measurements.J2.1.7 on 39->340,629558.639,5056896.426,29.91399956,629558.195,5056897.692,28.81800079,340.6747742,39.24693298,1.732355714,fam2,VARENNE
Varennedips - Copy.bin (C:/Users/AV16310/Downloads/varenne).measurements.J2.2.8 on -43->130,629556.339,5056899.412,26.58300018,629557.92,5056898.069,28.52499962,130.3471222,-43.11159515,2.841583967,fam2,VARENNE
Varennedips - Copy.bin (C:/Users/AV16310/Downloads/varenne).measurements.J2.1.9 on -80->228,629556.033,5056900.088,24.00699997,629555.801,5056899.885,25.87199974,228.8130035,-80.61425018,1.890305758,fam2,VARENNE
Varennedips - Copy.bin (C:/Users/AV16310/Downloads/varenne).measurements.J2.4.2 on 86->172,629551.027,5056903.93,28.18199921,629551.063,5056903.639,23.94499969,172.9459839,86.04096985,4.247134686,fam2,VARENNE
Varennedips - Copy.bin (C:/Users/AV16310/Downloads/varenne).measurements.J2.2.9 on 84->086,629549.203,5056905.62,27.11000061,629549.505,5056905.639,24.18799973,86.40348053,84.08761597,2.937627316,fam2,VARENNE
Varennedips - Copy.bin (C:/Users/AV16310/Downloads/varenne).measurements.J2.1.4 on -79->194,629547.919,5056907.746,22.10099983,629547.856,5056907.505,23.44300079,194.649231,-79.48604584,1.364917278,fam2,VARENNE
Varennedips - Copy.bin (C:/Users/AV16310/Downloads/varenne).measurements.J2.1.8 on -82->330,629546.381,5056907.989,30.94300079,629546.263,5056908.197,32.77099991,330.438324,-82.54693604,1.843574643,fam2,VARENNE
Varennedips - Copy.bin (C:/Users/AV16310/Downloads/varenne).measurements.J2.3.4 on -84->230,629545.255,5056909.257,21.95899963,629544.98,5056909.03,25.36100006,230.4656372,-84.01609039,3.4206388,fam2,VARENNE
Varennedips - Copy.bin (C:/Users/AV16310/Downloads/varenne).measurements.J2.2.1 on -89->170,629544.091,5056910.5,20.88599968,629544.096,5056910.469,23.02799988,170.8305511,-89.15995789,2.142230511,fam2,VARENNE
Varennedips - Copy.bin (C:/Users/AV16310/Downloads/varenne).measurements.J2.2.4 on -68->140,629541.485,5056912.036,25.29299927,629542.032,5056911.362,27.5189991,140.9387665,-68.6964035,2.389261961,fam2,VARENNE
Varennedips - Copy.bin (C:/Users/AV16310/Downloads/varenne).measurements.J2.2.0 on -82->234,629541.258,5056912.748,23.7310009,629541.029,5056912.582,25.75600052,234.0598907,-82.0484314,2.044658184,fam2,VARENNE
Varennedips - Copy.bin (C:/Users/AV16310/Downloads/varenne).measurements.J2.1.8 on -88->255,629539.531,5056913.639,21.66399956,629539.496,5056913.63,23.43600082,255.6354218,-88.83081055,1.772370219,fam2,VARENNE
Varennedips - Copy.bin (C:/Users/AV16310/Downloads/varenne).measurements.J2.1.9 on -67->102,629539.153,5056913.207,26.1989994,629539.877,5056913.044,27.94799995,102.6852112,-67.00814819,1.899930239,fam2,VARENNE
Varennedips - Copy.bin (C:/Users/AV16310/Downloads/varenne).measurements.J2.2.5 on -69->137,629538.01,5056914.28,24.93199921,629538.609,5056913.637,27.30599976,137.0292358,-69.68702698,2.531429291,fam2,VARENNE
Varennedips - Copy.bin (C:/Users/AV16310/Downloads/varenne).measurements.J2.2.9 on -79->029,629535.484,5056915.761,23.80800056,629535.75,5056916.231,26.6439991,29.50554276,-79.21794891,2.886965275,fam2,VARENNE
Varennedips - Copy.bin (C:/Users/AV16310/Downloads/varenne).measurements.J2.2.7 on -75->002,629534.373,5056916.642,23.93700027,629534.398,5056917.317,26.58699989,2.123204231,-75.70050049,2.734727144,fam2,VARENNE
Varennedips - Copy.bin (C:/Users/AV16310/Downloads/varenne).measurements.J2.3.7 on -64->177,629536.613,5056916.545,29.57799911,629536.674,5056914.957,32.9679985,177.7989197,-64.88345337,3.744009256,fam2,VARENNE
Varennedips - Copy.bin (C:/Users/AV16310/Downloads/varenne).measurements.J2.2.1 on -50->189,629538.116,5056914.447,31.37800026,629537.907,5056913.149,32.97499847,189.1488037,-50.53641129,2.068573713,fam2,VARENNE
Varennedips - Copy.bin (C:/Users/AV16310/Downloads/varenne).measurements.J2.1.5 on 00->357,629536.209,5056914.227,34.01599884,629536.131,5056915.76,34.04100037,357.0871887,-0.93314153,1.535206795,fam2,VARENNE
Varennedips - Copy.bin (C:/Users/AV16310/Downloads/varenne).measurements.J2.1.9 on 67->354,629541.724,5056911.977,22.7670002,629541.651,5056912.697,21.0529995,354.2110291,67.10849762,1.860530257,fam2,VARENNE
Varennedips - Copy.bin (C:/Users/AV16310/Downloads/varenne).measurements.J2.3.6 on -86->199,629532.855,5056918.622,21.09199905,629532.778,5056918.403,24.70100021,199.3639984,-86.31989288,3.616458416,fam2,VARENNE
Varennedips - Copy.bin (C:/Users/AV16310/Downloads/varenne).measurements.J2.1.9 on -73->192,629529.054,5056921.362,23.40699959,629528.938,5056920.849,25.19499969,192.7444458,-73.60822296,1.863753319,fam2,VARENNE
Varennedips - Copy.bin (C:/Users/AV16310/Downloads/varenne).measurements.J2.2.8 on -72->216,629528.654,5056922.342,21.51799965,629528.155,5056921.675,24.17300034,216.7993622,-72.58142853,2.782601357,fam2,VARENNE
Varennedips - Copy.bin (C:/Users/AV16310/Downloads/varenne).measurements.J2.1.8 on -78->214,629526.805,5056923.974,20.68300056,629526.606,5056923.689,22.43099976,214.9235992,-78.75424957,1.782218218,fam2,VARENNE
Varennedips - Copy.bin (C:/Users/AV16310/Downloads/varenne).measurements.J2.2.2 on -83->188,629525.025,5056924.894,21.37599945,629524.988,5056924.648,23.55400085,188.5655365,-83.48456573,2.192159891,fam2,VARENNE
Varennedips - Copy.bin (C:/Users/AV16310/Downloads/varenne).measurements.J2.2.5 on -68->179,629523.38,5056926.438,21.10300064,629523.389,5056925.525,23.39900017,179.4369354,-68.31467438,2.47086978,fam2,VARENNE
Varennedips - Copy.bin (C:/Users/AV16310/Downloads/varenne).measurements.J2.2.0 on 73->019,629520.894,5056927.754,23.38699913,629521.088,5056928.317,21.43300056,19.01622581,73.0512619,2.042722225,fam2,VARENNE
Varennedips - Copy.bin (C:/Users/AV16310/Downloads/varenne).measurements.J2.1.7 on 74->111,629516.688,5056933.056,24.26000023,629517.123,5056932.889,22.58699989,111.0084152,74.43617249,1.736680627,fam2,VARENNE
Varennedips - Copy.bin (C:/Users/AV16310/Downloads/varenne).measurements.J2.1.7 on 79->059,629515.865,5056933.539,24.29800034,629516.128,5056933.697,22.58799934,59.00106049,79.82778168,1.737309098,fam2,VARENNE
Varennedips - Copy.bin (C:/Users/AV16310/Downloads/varenne).measurements.J2.1.7 on -75->166,629511.844,5056937.738,22.00600052,629511.944,5056937.32,23.66699982,166.5439911,-75.49344635,1.715697408,fam2,VARENNE
Varennedips - Copy.bin (C:/Users/AV16310/Downloads/varenne).measurements.J2.3.1 on -65->192,629512.077,5056937.326,30.51399994,629511.807,5056936.101,33.31600189,192.4308319,-65.88319397,3.069965839,fam2,VARENNE
Varennedips - Copy.bin (C:/Users/AV16310/Downloads/varenne).measurements.J2.3.0 on -87->159,629509.401,5056940.084,26.5359993,629509.455,5056939.938,29.55800056,159.7068939,-87.05140686,3.026007414,fam2,VARENNE
Varennedips - Copy.bin (C:/Users/AV16310/Downloads/varenne).measurements.J2.1.7 on -75->172,629509.409,5056940.129,30.40299988,629509.468,5056939.686,32.07500076,172.4159546,-75.03348541,1.730711937,fam2,VARENNE
Varennedips - Copy.bin (C:/Users/AV16310/Downloads/varenne).measurements.J2.2.7 on -70->018,629506.829,5056940.709,26.39500046,629507.115,5056941.58,28.9260006,18.17620659,-70.08860779,2.691921949,fam2,VARENNE
Varennedips - Copy.bin (C:/Users/AV16310/Downloads/varenne).measurements.J2.2.6 on -68->174,629505.574,5056947.608,22.02499962,629505.667,5056946.65,24.48699951,174.455719,-68.64839172,2.643435717,fam2,VARENNE
Varennedips - Copy.bin (C:/Users/AV16310/Downloads/varenne).measurements.J2.2.1 on -71->015,629507.157,5056945.084,30.79899979,629507.332,5056945.716,32.7519989,15.47587204,-71.43849945,2.060163736,fam2,VARENNE
Varennedips - Copy.bin (C:/Users/AV16310/Downloads/varenne).measurements.J2.3.2 on -69->155,629503.127,5056950.518,26.06100082,629503.588,5056949.515,29.02499962,155.3153534,-69.57350922,3.162878275,fam2,VARENNE
Varennedips - Copy.bin (C:/Users/AV16310/Downloads/varenne).measurements.J2.1.9 on -73->312,629503.494,5056950.142,29.09799957,629503.097,5056950.506,30.87899971,312.513031,-73.1743927,1.860654354,fam2,VARENNE
Varennedips - Copy.bin (C:/Users/AV16310/Downloads/varenne).measurements.J2.2.4 on 84->042,629500.364,5056953.057,25.42499924,629500.516,5056953.221,23.08499908,42.82078171,84.54182434,2.350658178,fam2,VARENNE
Varennedips - Copy.bin (C:/Users/AV16310/Downloads/varenne).measurements.J2.1.8 on 83->121,629499.08,5056954.479,25.16399956,629499.262,5056954.366,23.33399963,121.8288803,83.32334137,1.842495561,fam2,VARENNE
Varennedips - Copy.bin (C:/Users/AV16310/Downloads/varenne).measurements.J2.2.0 on 70->001,629497.09,5056955.929,24.65600014,629497.102,5056956.614,22.7689991,1.003071427,70.04585266,2.007520437,fam2,VARENNE
Varennedips - Copy.bin (C:/Users/AV16310/Downloads/varenne).measurements.J2.2.0 on -81->203,629496.552,5056957.11,23.44000053,629496.44,5056956.849,25.42000008,203.2260742,-81.83740234,2.000263929,fam2,VARENNE
Varennedips - Copy.bin (C:/Users/AV16310/Downloads/varenne).measurements.J2.2.0 on -84->250,629497.629,5056955.393,28.76300049,629497.439,5056955.325,30.8010006,250.3100281,-84.34503174,2.047966957,fam2,VARENNE
Varennedips - Copy.bin (C:/Users/AV16310/Downloads/varenne).measurements.J2.1.8 on -75->287,629501.534,5056951.683,33.60400009,629501.097,5056951.818,35.33800125,287.1679382,-75.22320557,1.793311715,fam2,VARENNE
Varennedips - Copy.bin (C:/Users/AV16310/Downloads/varenne).measurements.J2.2.2 on -72->129,629497.074,5056955.88,25.21100044,629497.592,5056955.455,27.31200027,129.3665314,-72.31192017,2.205253839,fam2,VARENNE
Varennedips - Copy.bin (C:/Users/AV16310/Downloads/varenne).measurements.J2.2.1 on -82->179,629496.062,5056957.148,28.76499939,629496.063,5056956.873,30.81200027,179.7965546,-82.34781647,2.065393925,fam2,VARENNE
Varennedips - Copy.bin (C:/Users/AV16310/Downloads/varenne).measurements.J2.2.9 on -61->162,629492.456,5056961.224,29.7329998,629492.879,5056959.881,32.28300095,162.5173645,-61.09341812,2.912925482,fam2,VARENNE
Varennedips - Copy.bin (C:/Users/AV16310/Downloads/varenne).measurements.J2.1.7 on -27->343,629492.157,5056964.348,26.1079998,629491.732,5056965.812,26.91399956,343.8111877,-27.8663063,1.724395752,fam2,VARENNE
Varennedips - Copy.bin (C:/Users/AV16310/Downloads/varenne).measurements.J2.2.5 on -29->357,629491.652,5056967.005,28.38800049,629491.565,5056969.201,29.63199997,357.7311096,-29.51178551,2.5253613,fam2,VARENNE
Varennedips - Copy.bin (C:/Users/AV16310/Downloads/varenne).measurements.J2.2.2 on 30->145,629490.547,5056969.008,31.10199928,629491.633,5056967.41,29.95499992,145.8003998,30.69546127,2.246925831,fam2,VARENNE
Varennedips - Copy.bin (C:/Users/AV16310/Downloads/varenne).measurements.J2.1.9 on -87->228,629489.454,5056973.562,26.01199913,629489.385,5056973.502,27.91600037,228.992157,-87.25055695,1.906195521,fam2,VARENNE
Varennedips - Copy.bin (C:/Users/AV16310/Downloads/varenne).measurements.J2.1.9 on -81->338,629488.809,5056974.238,30.28899956,629488.711,5056974.493,32.14500046,338.9794922,-81.62675476,1.875998259,fam2,VARENNE
Varennedips - Copy.bin (C:/Users/AV16310/Downloads/varenne).measurements.J2.1.9 on -78->306,629489.928,5056972.867,31.89999962,629489.631,5056973.086,33.79000092,306.4036255,-78.95246887,1.925687075,fam2,VARENNE
Varennedips - Copy.bin (C:/Users/AV16310/Downloads/varenne).measurements.J2.2.8 on -84->291,629486.146,5056976.228,23.28300095,629485.917,5056976.318,26.07299995,291.4477234,-84.960289,2.800826788,fam2,VARENNE
Varennedips - Copy.bin (C:/Users/AV16310/Downloads/varenne).measurements.J2.1.8 on -83->248,629484.699,5056978.206,24.42099953,629484.524,5056978.137,26.17000008,248.4920044,-83.86103058,1.759088159,fam2,VARENNE
Varennedips - Copy.bin (C:/Users/AV16310/Downloads/varenne).measurements.J2.2.0 on -51->189,629485.466,5056977.729,33.79800034,629485.268,5056976.536,35.34199905,189.4233398,-51.9307518,1.961215973,fam2,VARENNE
Varennedips - Copy.bin (C:/Users/AV16310/Downloads/varenne).measurements.J2.2.3 on -80->224,629483.152,5056980.045,30.98900032,629482.884,5056979.768,33.20600128,224.0568085,-80.13800812,2.250252485,fam2,VARENNE
Varennedips - Copy.bin (C:/Users/AV16310/Downloads/varenne).measurements.J2.1.8 on -44->194,629482.944,5056979.739,33.63600159,629482.618,5056978.483,34.93099976,194.5493317,-44.94126129,1.833284378,fam2,VARENNE
Varennedips - Copy.bin (C:/Users/AV16310/Downloads/varenne).measurements.J2.2.1 on 83->137,629485.969,5056976.576,31.79199982,629486.12,5056976.41,29.74900055,137.7116394,83.73140717,2.055287838,fam2,VARENNE
Varennedips - Copy.bin (C:/Users/AV16310/Downloads/varenne).measurements.J2.1.8 on -82->153,629477.276,5056985.461,31.7329998,629477.382,5056985.248,33.47499847,153.5466919,-82.22261047,1.758171558,fam2,VARENNE
Varennedips - Copy.bin (C:/Users/AV16310/Downloads/varenne).measurements.J2.2.6 on -84->066,629477.32,5056985.147,28.27899933,629477.528,5056985.236,30.85199928,66.82373047,-84.97437286,2.582929611,fam2,VARENNE
Varennedips - Copy.bin (C:/Users/AV16310/Downloads/varenne).measurements.J2.2.1 on 84->053,629472.907,5056988.667,32.23600006,629473.067,5056988.786,30.12599945,53.35108948,84.60168457,2.11940074,fam2,VARENNE
Varennedips - Copy.bin (C:/Users/AV16310/Downloads/varenne).measurements.J2.3.3 on 81->007,629474.667,5056987.397,32.50999832,629474.73,5056987.863,29.21999931,7.701528549,81.86571503,3.323435545,fam2,VARENNE
Varennedips - Copy.bin (C:/Users/AV16310/Downloads/varenne).measurements.J2.2.2 on 85->318,629472.389,5056989.979,27.70700073,629472.279,5056990.104,25.52000046,318.6481323,85.64588928,2.193330526,fam2,VARENNE
Varennedips - Copy.bin (C:/Users/AV16310/Downloads/varenne).measurements.J2.2.2 on -37->182,629470.129,5056996.427,32.72600174,629470.04,5056994.691,34.04700089,182.934433,-37.23252487,2.183284998,fam2,VARENNE
Varennedips - Copy.bin (C:/Users/AV16310/Downloads/varenne).measurements.J2.1.8 on -16->176,629469.62,5056997.637,33.36600113,629469.737,5056995.898,33.87599945,176.1508179,-16.30986214,1.816027761,fam2,VARENNE
Varennedips - Copy.bin (C:/Users/AV16310/Downloads/varenne).measurements.J2.2.2 on 83->152,629468.032,5056998.184,27.8239994,629468.15,5056997.953,25.59000015,152.9465942,83.37675476,2.249008894,fam2,VARENNE
Varennedips - Copy.bin (C:/Users/AV16310/Downloads/varenne).measurements.J2.2.3 on -82->232,629466.801,5057001.572,25.67399979,629466.551,5057001.379,27.93499947,232.3328552,-82.04812622,2.282951117,fam2,VARENNE
Varennedips - Copy.bin (C:/Users/AV16310/Downloads/varenne).measurements.J2.1.8 on -86->279,629463.798,5057005.698,29.34300041,629463.681,5057005.717,31.1079998,279.2149658,-86.15789032,1.768975139,fam2,VARENNE
Varennedips - Copy.bin (C:/Users/AV16310/Downloads/varenne).measurements.J2.2.1 on -64->169,629464.645,5057004.703,30.47599983,629464.806,5057003.795,32.4090004,169.9447937,-64.49539185,2.141708612,fam2,VARENNE
Varennedips - Copy.bin (C:/Users/AV16310/Downloads/varenne).measurements.J2.1.8 on -74->144,629464.857,5057003.497,32.61999893,629465.138,5057003.102,34.36399841,144.5730133,-74.46587372,1.810121298,fam2,VARENNE
Varennedips - Copy.bin (C:/Users/AV16310/Downloads/varenne).measurements.J2.1.8 on -78->238,629465.427,5057004.542,25.34799957,629465.137,5057004.366,27.08300018,238.7524719,-78.93740845,1.767850518,fam2,VARENNE
Varennedips - Copy.bin (C:/Users/AV16310/Downloads/varenne).measurements.J2.2.0 on -76->312,629460.596,5057008.521,25.66399956,629460.261,5057008.823,27.57299995,312.0327454,-76.70625305,1.961562514,fam2,VARENNE
Varennedips - Copy.bin (C:/Users/AV16310/Downloads/varenne).measurements.J2.1.9 on 83->148,629488.453,5056974.537,26.35499954,629488.564,5056974.355,24.47900009,148.6240997,83.51696777,1.888072968,fam2,VARENNE
Varennedips - Copy.bin (C:/Users/AV16310/Downloads/varenne).measurements.J2.1.7 on -80->261,629490.57,5056971.669,27.48800087,629490.297,5056971.628,29.17200089,261.4560852,-80.68978119,1.706479669,fam2,VARENNE
Varennedips - Copy.bin (C:/Users/AV16310/Downloads/varenne).measurements.J3.2.4 on 81->152,629559.248,5056897.313,24.91399956,629559.415,5056896.986,22.57099915,152.9450684,81.09433746,2.371590853,fam3,VARENNE
Varennedips - Copy.bin (C:/Users/AV16310/Downloads/varenne).measurements.J3.2.5 on 83->082,629555.756,5056899.777,25.73500061,629556.034,5056899.812,23.29700089,82.81771088,83.44342041,2.454050303,fam3,VARENNE
Varennedips - Copy.bin (C:/Users/AV16310/Downloads/varenne).measurements.J3.2.7 on 08->316,629555.172,5056900.292,26.8579998,629553.373,5056902.204,26.44499969,316.7437439,8.940262794,2.65757513,fam3,VARENNE
Varennedips - Copy.bin (C:/Users/AV16310/Downloads/varenne).measurements.J3.3.0 on 87->149,629553.144,5056901.978,24.85300064,629553.219,5056901.849,21.82699966,149.8278961,87.1763382,3.029679298,fam3,VARENNE
Varennedips - Copy.bin (C:/Users/AV16310/Downloads/varenne).measurements.J3.3.5 on 83->343,629551.516,5056902.963,26.89100075,629551.401,5056903.359,23.39800072,343.8076477,83.2673111,3.517255306,fam3,VARENNE
Varennedips - Copy.bin (C:/Users/AV16310/Downloads/varenne).measurements.J3.1.7 on 59->303,629546.594,5056908.449,29.20599937,629545.857,5056908.932,27.7159996,303.2409668,59.39992905,1.731065512,fam3,VARENNE
Varennedips - Copy.bin (C:/Users/AV16310/Downloads/varenne).measurements.J3.2.2 on 78->077,629544.933,5056908.863,25.9810009,629545.355,5056908.959,23.7840004,77.18283844,78.8561554,2.239220858,fam3,VARENNE
Varennedips - Copy.bin (C:/Users/AV16310/Downloads/varenne).measurements.J3.2.4 on 80->029,629546.312,5056908.51,23.58399963,629546.499,5056908.847,21.17000008,29.0290451,80.92938995,2.444569349,fam3,VARENNE
Varennedips - Copy.bin (C:/Users/AV16310/Downloads/varenne).measurements.J3.2.2 on 86->344,629544.135,5056910.342,23.03000069,629544.096,5056910.481,20.86599922,344.3306885,86.18228912,2.168814182,fam3,VARENNE
Varennedips - Copy.bin (C:/Users/AV16310/Downloads/varenne).measurements.J3.2.0 on 84->087,629543.32,5056910.835,23.59600067,629543.512,5056910.845,21.60099983,87.03405762,84.49494934,2.004244804,fam3,VARENNE
Varennedips - Copy.bin (C:/Users/AV16310/Downloads/varenne).measurements.J3.2.4 on -5->316,629542.376,5056910.846,27.92700005,629540.735,5056912.556,28.13999939,316.1801147,-5.135570049,2.379579067,fam3,VARENNE
Varennedips - Copy.bin (C:/Users/AV16310/Downloads/varenne).measurements.J3.1.8 on 78->303,629539.536,5056912.599,27.12800026,629539.243,5056912.794,25.33300018,303.643219,78.90549469,1.829185486,fam3,VARENNE
Varennedips - Copy.bin (C:/Users/AV16310/Downloads/varenne).measurements.J3.3.6 on 70->020,629536.309,5056914.202,33.88499832,629536.736,5056915.319,30.45700073,20.92160797,70.76980591,3.630573034,fam3,VARENNE
Varennedips - Copy.bin (C:/Users/AV16310/Downloads/varenne).measurements.J3.3.0 on 70->100,629528.738,5056920.85,26.24900055,629529.717,5056920.677,23.3920002,100.0197983,70.81333923,3.025032043,fam3,VARENNE
Varennedips - Copy.bin (C:/Users/AV16310/Downloads/varenne).measurements.J3.2.6 on 75->038,629528.065,5056921.657,25.07500076,629528.464,5056922.159,22.53199959,38.47669601,75.84707642,2.622606277,fam3,VARENNE
Varennedips - Copy.bin (C:/Users/AV16310/Downloads/varenne).measurements.J3.1.8 on 83->071,629525.002,5056924.765,23.55599976,629525.184,5056924.826,21.75300026,71.47863007,83.92313385,1.813188195,fam3,VARENNE
Varennedips - Copy.bin (C:/Users/AV16310/Downloads/varenne).measurements.J3.2.4 on 79->045,629523.389,5056925.525,23.39900017,629523.698,5056925.829,21.02199936,45.47351074,79.66546631,2.416198492,fam3,VARENNE
Varennedips - Copy.bin (C:/Users/AV16310/Downloads/varenne).measurements.J3.2.8 on 55->043,629520.756,5056927.36,23.12100029,629521.834,5056928.499,20.84900093,43.4230423,55.38408661,2.76070261,fam3,VARENNE
Varennedips - Copy.bin (C:/Users/AV16310/Downloads/varenne).measurements.J3.1.9 on 50->097,629527.367,5056922.888,31.90399933,629528.559,5056922.73,30.43099976,97.55140686,50.77441025,1.901473522,fam3,VARENNE
Varennedips - Copy.bin (C:/Users/AV16310/Downloads/varenne).measurements.J3.2.7 on 77->039,629517.131,5056931.784,32.8390007,629517.509,5056932.245,30.19599915,39.3496666,77.28916168,2.709401131,fam3,VARENNE
Varennedips - Copy.bin (C:/Users/AV16310/Downloads/varenne).measurements.J3.1.7 on 76->061,629516.993,5056932.344,29.58799934,629517.339,5056932.532,27.90099907,61.48451614,76.86130524,1.732348442,fam3,VARENNE
Varennedips - Copy.bin (C:/Users/AV16310/Downloads/varenne).measurements.J3.2.3 on 63->094,629514.084,5056935.398,27.84399986,629515.077,5056935.316,25.82099915,94.72225189,63.77755356,2.255081654,fam3,VARENNE
Varennedips - Copy.bin (C:/Users/AV16310/Downloads/varenne).measurements.J3.2.0 on 78->089,629516.749,5056932.811,24.4810009,629517.16,5056932.814,22.51399994,89.57452393,78.19907379,2.009473085,fam3,VARENNE
Varennedips - Copy.bin (C:/Users/AV16310/Downloads/varenne).measurements.J3.2.0 on 79->106,629515.892,5056933.339,24.31299973,629516.23,5056933.238,22.36300087,106.6413193,79.74693298,1.981643438,fam3,VARENNE
Varennedips - Copy.bin (C:/Users/AV16310/Downloads/varenne).measurements.J3.2.1 on 74->100,629511.114,5056938.012,23.8939991,629511.673,5056937.906,21.89100075,100.7391586,74.14270782,2.082237482,fam3,VARENNE
Varennedips - Copy.bin (C:/Users/AV16310/Downloads/varenne).measurements.J3.1.8 on 75->086,629511.617,5056937.543,23.6989994,629512.077,5056937.571,21.91300011,86.52259064,75.53068542,1.844503999,fam3,VARENNE
Varennedips - Copy.bin (C:/Users/AV16310/Downloads/varenne).measurements.J3.3.5 on -22->309,629511.884,5056937.349,30.24200058,629509.378,5056939.393,31.58200073,309.2020874,-22.50723267,3.500522614,fam3,VARENNE
Varennedips - Copy.bin (C:/Users/AV16310/Downloads/varenne).measurements.J3.1.7 on -15->280,629508.009,5056940.207,34.90200043,629506.411,5056940.517,35.35699844,280.9806519,-15.61663342,1.690188646,fam3,VARENNE
Varennedips - Copy.bin (C:/Users/AV16310/Downloads/varenne).measurements.J3.2.3 on -71->001,629507.286,5056945.013,30.25900078,629507.311,5056945.734,32.43799973,1.98537457,-71.68088531,2.295324326,fam3,VARENNE
Varennedips - Copy.bin (C:/Users/AV16310/Downloads/varenne).measurements.J3.1.8 on -36->270,629508.647,5056940.616,25.77700043,629507.184,5056940.625,26.85400009,270.3513794,-36.35820007,1.816704392,fam3,VARENNE
Varennedips - Copy.bin (C:/Users/AV16310/Downloads/varenne).measurements.J3.2.8 on -84->253,629505.944,5056946.736,22.16600037,629505.662,5056946.653,24.98900032,253.5987091,-84.05488586,2.838265419,fam3,VARENNE
Varennedips - Copy.bin (C:/Users/AV16310/Downloads/varenne).measurements.J3.3.1 on -81->043,629504.945,5056947.112,25.75699997,629505.252,5056947.437,28.78899956,43.36816025,-81.61184692,3.064785004,fam3,VARENNE
Varennedips - Copy.bin (C:/Users/AV16310/Downloads/varenne).measurements.J3.2.2 on -83->282,629503.923,5056949.042,23.13999939,629503.676,5056949.097,25.32299995,282.5513,-83.38769531,2.197618961,fam3,VARENNE
Varennedips - Copy.bin (C:/Users/AV16310/Downloads/varenne).measurements.J3.2.1 on -61->298,629506.077,5056947.101,30.7310009,629505.192,5056947.591,32.58200073,298.971344,-61.34274292,2.109391689,fam3,VARENNE
Varennedips - Copy.bin (C:/Users/AV16310/Downloads/varenne).measurements.J3.1.9 on -63->311,629504.149,5056948.62,30.39699936,629503.504,5056949.198,32.10699844,311.8648987,-63.1386528,1.916818976,fam3,VARENNE
Varennedips - Copy.bin (C:/Users/AV16310/Downloads/varenne).measurements.J3.2.0 on -70->329,629503.428,5056949.641,28.72100067,629503.078,5056950.237,30.63699913,329.5763855,-70.16352081,2.036855459,fam3,VARENNE
Varennedips - Copy.bin (C:/Users/AV16310/Downloads/varenne).measurements.J3.3.7 on -83->282,629501.907,5056951.963,26.39900017,629501.49,5056952.056,30.02700043,282.5740967,-83.28320313,3.653073549,fam3,VARENNE
Varennedips - Copy.bin (C:/Users/AV16310/Downloads/varenne).measurements.J3.2.0 on -69->288,629498.988,5056954.848,23.74699974,629498.334,5056955.073,25.63899994,288.9833984,-69.92050171,2.014443874,fam3,VARENNE
Varennedips - Copy.bin (C:/Users/AV16310/Downloads/varenne).measurements.J3.2.3 on -80->229,629495.279,5056957.743,23.77300072,629495.004,5056957.508,26.02400017,229.485733,-80.87106323,2.279876709,fam3,VARENNE
Varennedips - Copy.bin (C:/Users/AV16310/Downloads/varenne).measurements.J3.2.5 on -60->281,629495.859,5056957.385,29.3939991,629494.658,5056957.634,31.52400017,281.7111206,-60.06469727,2.457912445,fam3,VARENNE
Varennedips - Copy.bin (C:/Users/AV16310/Downloads/varenne).measurements.J3.2.7 on -73->285,629494.315,5056958.439,30.34499931,629493.577,5056958.642,32.93000031,285.3799438,-73.50600433,2.695940256,fam3,VARENNE
Varennedips - Copy.bin (C:/Users/AV16310/Downloads/varenne).measurements.J3.2.4 on -58->160,629492.496,5056960.9,30.00099945,629492.911,5056959.73,32.05099869,160.4706573,-58.8012085,2.396608353,fam3,VARENNE
Varennedips - Copy.bin (C:/Users/AV16310/Downloads/varenne).measurements.J3.1.9 on -76->196,629491.938,5056968.451,32.19400024,629491.81,5056968.007,34.0719986,196.0815735,-76.17784882,1.934003234,fam3,VARENNE
Varennedips - Copy.bin (C:/Users/AV16310/Downloads/varenne).measurements.J3.1.7 on -75->249,629492.25,5056967.063,23.78100014,629491.856,5056966.914,25.40299988,249.2870331,-75.44167328,1.675806046,fam3,VARENNE
Varennedips - Copy.bin (C:/Users/AV16310/Downloads/varenne).measurements.J3.2.5 on -82->215,629490.835,5056971.794,23.6420002,629490.648,5056971.535,26.1420002,215.823349,-82.71778107,2.520329475,fam3,VARENNE
Varennedips - Copy.bin (C:/Users/AV16310/Downloads/varenne).measurements.J3.2.4 on 79->094,629489.325,5056973.4,33.03900146,629489.743,5056973.369,30.70299911,94.24224854,79.82769012,2.373308182,fam3,VARENNE
Varennedips - Copy.bin (C:/Users/AV16310/Downloads/varenne).measurements.J3.2.6 on 78->054,629484.426,5056978.483,33.43999863,629484.872,5056978.805,30.84799957,54.17079544,78.01758575,2.649733067,fam3,VARENNE
Varennedips - Copy.bin (C:/Users/AV16310/Downloads/varenne).measurements.J3.1.7 on 50->075,629485.151,5056976.574,35.00799942,629486.174,5056976.842,33.7120018,75.31971741,50.78557587,1.672718406,fam3,VARENNE
Varennedips - Copy.bin (C:/Users/AV16310/Downloads/varenne).measurements.J3.2.0 on 71->280,629476.161,5056986.091,27.25499916,629475.522,5056986.213,25.32500076,280.8096924,71.37240601,2.036691189,fam3,VARENNE
Varennedips - Copy.bin (C:/Users/AV16310/Downloads/varenne).measurements.J3.2.0 on 87->159,629474.122,5056988.236,27.41799927,629474.152,5056988.154,25.40999985,159.9125671,87.50930786,2.009898186,fam3,VARENNE
Varennedips - Copy.bin (C:/Users/AV16310/Downloads/varenne).measurements.J3.1.7 on 86->046,629473.22,5056989.122,27.05200005,629473.287,5056989.185,25.35400009,46.76176834,86.90037537,1.700487733,fam3,VARENNE
Varennedips - Copy.bin (C:/Users/AV16310/Downloads/varenne).measurements.J3.2.2 on 85->342,629472.427,5056989.973,27.625,629472.379,5056990.13,25.46800041,342.9967346,85.64790344,2.163237095,fam3,VARENNE
Varennedips - Copy.bin (C:/Users/AV16310/Downloads/varenne).measurements.J3.1.7 on 80->174,629471.701,5056991.667,28.12199974,629471.726,5056991.404,26.4640007,174.5646973,80.94650269,1.678915262,fam3,VARENNE
Varennedips - Copy.bin (C:/Users/AV16310/Downloads/varenne).measurements.J3.1.7 on -86->131,629470.301,5056993.288,25.64599991,629470.38,5056993.218,27.32699966,131.5427551,-86.40666199,1.684311032,fam3,VARENNE
Varennedips - Copy.bin (C:/Users/AV16310/Downloads/varenne).measurements.J3.2.0 on 83->042,629472.948,5056988.626,32.0359993,629473.089,5056988.78,30.05200005,42.46518707,83.9912796,1.994959593,fam3,VARENNE
Varennedips - Copy.bin (C:/Users/AV16310/Downloads/varenne).measurements.J3.2.2 on 87->181,629468.012,5056997.91,27.81800079,629468.009,5056997.814,25.62999916,181.7853699,87.48787689,2.190106392,fam3,VARENNE
Varennedips - Copy.bin (C:/Users/AV16310/Downloads/varenne).measurements.J3.3.4 on 81->083,629466.285,5057001.434,28.97400093,629466.771,5057001.487,25.61599922,83.77869415,81.71684265,3.393401146,fam3,VARENNE
Varennedips - Copy.bin (C:/Users/AV16310/Downloads/varenne).measurements.J3.2.5 on 71->117,629465.18,5057003.125,30.10899925,629465.894,5057002.759,27.68899918,117.141037,71.65661621,2.549549103,fam3,VARENNE
Varennedips - Copy.bin (C:/Users/AV16310/Downloads/varenne).measurements.J3.1.9 on -50->297,629467.362,5057001.181,30.53300095,629466.303,5057001.74,31.99699974,297.8261414,-50.71910095,1.891345978,fam3,VARENNE
Varennedips - Copy.bin (C:/Users/AV16310/Downloads/varenne).measurements.J3.2.0 on 86->134,629464.793,5057003.886,32.27899933,629464.877,5057003.803,30.29500008,134.6545258,86.59327698,1.987511516,fam3,VARENNE
Varennedips - Copy.bin (C:/Users/AV16310/Downloads/varenne).measurements.J3.2.3 on 78->092,629466.94,5057001.037,25.15399933,629467.407,5057001.013,22.85899925,92.94026947,78.48314667,2.342157125,fam3,VARENNE
Varennedips - Copy.bin (C:/Users/AV16310/Downloads/varenne).measurements.J3.2.4 on 82->058,629465.194,5057004.225,27.65800095,629465.458,5057004.389,25.30999947,58.15145874,82.4597168,2.368482113,fam3,VARENNE
Varennedips - Copy.bin (C:/Users/AV16310/Downloads/varenne).measurements.J3.2.0 on 62->116,629462.332,5057006.989,27.26600075,629463.172,5057006.566,25.48200035,116.7304993,62.20227432,2.016732454,fam3,VARENNE
Varennedips - Copy.bin (C:/Users/AV16310/Downloads/varenne).measurements.J3.1.7 on 67->133,629463.643,5057005.484,30.3010006,629464.106,5057005.039,28.73699951,133.8659058,67.67718506,1.690705061,fam3,VARENNE
Varennedips - Copy.bin (C:/Users/AV16310/Downloads/varenne).measurements.J3.2.6 on -55->280,629462.976,5057006.197,28.29100037,629461.542,5057006.45,30.39500046,280.005188,-55.31311035,2.558756828,fam3,VARENNE
Varennedips - Copy.bin (C:/Users/AV16310/Downloads/varenne).measurements.J4.3.8 on 04->313,629558.59,5056896.358,30.03899956,629555.824,5056898.999,29.75099945,313.6756897,4.306525707,3.835250378,fam4,VARENNE
Varennedips - Copy.bin (C:/Users/AV16310/Downloads/varenne).measurements.J4.4.4 on 12->319,629554.762,5056899.894,29.4489994,629551.995,5056903.15,28.52400017,319.6416626,12.21475506,4.371942997,fam4,VARENNE
Varennedips - Copy.bin (C:/Users/AV16310/Downloads/varenne).measurements.J4.5.0 on 04->333,629554.194,5056898.509,32.04399872,629551.982,5056902.998,31.62000084,333.7680969,4.842823505,5.022335529,fam4,VARENNE
Varennedips - Copy.bin (C:/Users/AV16310/Downloads/varenne).measurements.J4.6.6 on 09->137,629549.319,5056905.895,31.40500069,629553.773,5056901.099,30.3220005,137.1172943,9.395236969,6.634243011,fam4,VARENNE
Varennedips - Copy.bin (C:/Users/AV16310/Downloads/varenne).measurements.J4.3.2 on -14->314,629551.548,5056903.277,29.03499985,629549.361,5056905.423,29.83499908,314.4584656,-14.63307285,3.1667099,fam4,VARENNE
Varennedips - Copy.bin (C:/Users/AV16310/Downloads/varenne).measurements.J4.5.5 on -18->311,629550.71,5056904.639,28.68199921,629546.817,5056908.065,30.41799927,311.3492737,-18.50829506,5.468714237,fam4,VARENNE
Varennedips - Copy.bin (C:/Users/AV16310/Downloads/varenne).measurements.J4.2.8 on 00->308,629542.357,5056911.014,28.02199936,629540.206,5056912.73,27.98699951,308.5817871,0.728467941,2.751853466,fam4,VARENNE
Varennedips - Copy.bin (C:/Users/AV16310/Downloads/varenne).measurements.J4.3.7 on 03->311,629541.425,5056912.231,30.66300011,629538.616,5056914.684,30.42200089,311.1300049,3.697558403,3.737052441,fam4,VARENNE
Varennedips - Copy.bin (C:/Users/AV16310/Downloads/varenne).measurements.J4.2.7 on -7->305,629537.544,5056915.76,28.90099907,629535.327,5056917.333,29.27400017,305.3565674,-7.813162804,2.743802547,fam4,VARENNE
Varennedips - Copy.bin (C:/Users/AV16310/Downloads/varenne).measurements.J4.5.3 on -7->304,629533.433,5056918.912,32.82099915,629529.153,5056921.892,33.48600006,304.8485718,-7.26663208,5.257471085,fam4,VARENNE
Varennedips - Copy.bin (C:/Users/AV16310/Downloads/varenne).measurements.J4.2.2 on -3->309,629531.101,5056920.255,33.76900101,629529.423,5056921.644,33.91899872,309.6158447,-3.939201117,2.183477402,fam4,VARENNE
Varennedips - Copy.bin (C:/Users/AV16310/Downloads/varenne).measurements.J4.2.0 on -20->303,629529.116,5056922.03,32.76399994,629527.547,5056923.067,33.47600174,303.4610901,-20.73537636,2.011006355,fam4,VARENNE
Varennedips - Copy.bin (C:/Users/AV16310/Downloads/varenne).measurements.J4.7.1 on -6->305,629524.127,5056925.538,32.45500183,629518.378,5056929.608,33.23500061,305.2960815,-6.31891346,7.086898804,fam4,VARENNE
Varennedips - Copy.bin (C:/Users/AV16310/Downloads/varenne).measurements.J4.3.3 on -8->309,629521.593,5056927.831,31.73900032,629519.075,5056929.879,32.24200058,309.1233826,-8.809192657,3.284479618,fam4,VARENNE
Varennedips - Copy.bin (C:/Users/AV16310/Downloads/varenne).measurements.J4.3.7 on 02->298,629515.737,5056932.451,34.64199829,629512.532,5056934.205,34.45899963,298.6908264,2.867442369,3.658174276,fam4,VARENNE
Varennedips - Copy.bin (C:/Users/AV16310/Downloads/varenne).measurements.J4.4.3 on 00->316,629521.542,5056927.83,24.79100037,629518.568,5056930.94,24.73900032,316.280426,0.69238615,4.303415298,fam4,VARENNE
Varennedips - Copy.bin (C:/Users/AV16310/Downloads/varenne).measurements.J4.3.0 on -14->307,629511.884,5056937.36,30.34399986,629509.538,5056939.134,31.08200073,307.0955811,-14.08564186,3.032396555,fam4,VARENNE
Varennedips - Copy.bin (C:/Users/AV16310/Downloads/varenne).measurements.J4.4.5 on -7->324,629506.787,5056945.201,24.75900078,629504.178,5056948.881,25.33699989,324.6647644,-7.301567078,4.547878265,fam4,VARENNE
Varennedips - Copy.bin (C:/Users/AV16310/Downloads/varenne).measurements.J4.4.1 on 31->356,629506.978,5056940.852,26.25699997,629506.782,5056944.359,24.11499977,356.8014526,31.37582588,4.11409235,fam4,VARENNE
Varennedips - Copy.bin (C:/Users/AV16310/Downloads/varenne).measurements.J4.4.6 on -5->345,629507.175,5056942.481,28.93600082,629506.019,5056946.873,29.35000038,345.2540588,-5.208646774,4.560379028,fam4,VARENNE
Varennedips - Copy.bin (C:/Users/AV16310/Downloads/varenne).measurements.J4.3.1 on -13->296,629506.209,5056946.888,32.70899963,629503.532,5056948.219,33.4469986,296.4363708,-13.8663826,3.079370975,fam4,VARENNE
Varennedips - Copy.bin (C:/Users/AV16310/Downloads/varenne).measurements.J4.3.1 on 06->335,629502.942,5056948.757,34.09700012,629501.682,5056951.565,33.74700165,335.8335876,6.487789631,3.097550154,fam4,VARENNE
Varennedips - Copy.bin (C:/Users/AV16310/Downloads/varenne).measurements.J4.2.6 on -7->331,629502.566,5056949.218,35.15200043,629501.309,5056951.493,35.47900009,331.0773926,-7.170748234,2.61963439,fam4,VARENNE
Varennedips - Copy.bin (C:/Users/AV16310/Downloads/varenne).measurements.J4.5.6 on -22->344,629491.548,5056966.859,27.24900055,629490.205,5056971.862,29.37899971,344.9736023,-22.3518486,5.60093832,fam4,VARENNE
Varennedips - Copy.bin (C:/Users/AV16310/Downloads/varenne).measurements.J4.3.5 on 09->325,629485.967,5056976.702,31.93099976,629483.997,5056979.532,31.32799911,325.1572876,9.919445992,3.50045228,fam4,VARENNE
Varennedips - Copy.bin (C:/Users/AV16310/Downloads/varenne).measurements.J4.2.1 on -9->303,629479.237,5056983.907,26.58499908,629477.552,5056985.043,26.92000008,303.9883728,-9.360844612,2.059622765,fam4,VARENNE
Varennedips - Copy.bin (C:/Users/AV16310/Downloads/varenne).measurements.J4.2.1 on 00->305,629473.904,5056988.345,33.19200134,629472.21,5056989.555,33.17100143,305.5381775,0.578107297,2.081881523,fam4,VARENNE
